Protein1,Residue1,Protein2,Residue2
Rpn1,31,Rpt6,330
Rpn1,27,Rpt6,330
Rpn5,441,Rpn8,8
Rpn1,66,Rpn1,105
alpha7,230,alpha7,241
Rpn11,222,Rpn8,204
Rpn1,39,Rpt6,330
Rpn11,152,Rpn9,321
Rpt1,13,Rpt6,330
Rpn6,223,Rpn6,325
Rpt4,206,Rpt6,222
Rpn2,302,Rpn2,319
Rpn11,222,Rpn2,574
Rpt3,217,Rpt4,168
Rpn3,325,Rpn7,382
Rpt3,401,Rpt4,298
Rpt1,422,Rpt2,350
Rpn2,357,Rpt2,91
Rpt3,238,Rpt4,72
Rpn8,180,Rpn8,199
Rpn5,98,Rpt4,314
Rpn6,175,Rpn6,205
Rpn3,404,Rpn7,382
Rpn1,343,Rpt1,402
Rpn1,41,Rpt6,330
Rpt1,407,Rpt1,418
Rpn5,52,Rpt4,314
Rpn1,860,Rpt2,359
Rpn5,207,Rpn5,212
Rpn5,98,Rpt3,401
Rpn1,623,Rpn1,629
Rpt2,387,Rpt2,423
Rpn11,215,Rpn8,28
alpha4,218,beta4,68
Rpn5,301,Rpn5,330
Rpt2,293,Rpt2,350
Rpt3,238,Rpt6,222
Rpt3,330,Rpt6,222
Rpn3,84,Rpn3,503
Rpt4,197,Rpt5,276
Rpt3,401,Rpt3,408
Rpt4,383,Rpt5,294
Rpt3,80,Rpt6,55
Rpn6,223,Rpn7,242
Rpn1,858,Rpt2,64
Rpn7,165,Rpn7,181
Rpn1,41,Rpt6,162
Rpn5,147,Rpn5,221
Rpt1,407,Rpt1,422
Rpt5,294,Rpt5,300
Rpn2,319,Rpn2,796
Rpn11,281,Rpt6,55
Rpn8,33,Rpn8,100
Rpn2,123,Rpn2,196
Rpn1,858,Rpt2,359
Rpn8,100,Rpn8,214
Rpn5,98,Rpn5,135
alpha7,206,alpha7,241
Rpt5,300,Rpt6,222
Rpn3,315,Rpn8,288
Rpn2,292,Rpn2,310
Rpn5,147,Rpn5,225
Rpn5,160,Rpn5,197
Rpn5,121,Rpn5,147
alpha7,57,alpha7,241
Rpn11,257,Rpn6,409
Rpn11,277,Rpt6,55
Rpt6,393,alpha3,210
Rpn11,257,Rpn11,273
Rpt3,409,Rpt4,298
Rpt1,57,Rpt2,178
Rpt2,258,Rpt5,300
Rpn11,273,Rpn3,499
Rpt1,46,Rpt6,287
Rpt3,273,Rpt6,393
Rpn1,350,Rpt1,356
Rpt2,265,Rpt6,94
Rpn2,825,Rpn2,868
Rpn2,825,Rpn2,869
Rpn3,89,Rpn3,503
Rpt2,24,Rpt6,222
Rpt3,404,alpha1,181
Rpn11,215,Rpn8,180
Rpn3,503,Rpn8,293
Rpt2,258,Rpt6,94
Rpn6,205,Rpn6,246
Rpt1,110,Rpt5,81
Rpn11,273,Rpt6,125
Rpn3,315,Rpn8,287
Rpn5,448,Rpn8,8
Rpt1,422,alpha4,27
Rpt3,408,Rpt4,298
Rpt6,402,alpha3,210
Rpn5,221,Rpn5,262
Rpt1,422,alpha4,166
Rpt5,70,Rpt5,81
Rpn5,368,Rpn9,321
Rpt2,91,Rpt2,98
Rpt3,238,Rpt4,206
Rpt1,248,Rpt6,88
Rpt5,70,Rpt5,74
Rpn12,297,Rpn12,304
Rpn6,32,Rpn6,46
Rpt4,42,Rpt5,81
Rpt1,248,Rpt2,265
Rpn10,98,Rpn8,28
Rpt3,330,Rpt6,360
Rpn8,8,Rpn8,45
alpha7,65,alpha7,230
Rpt3,404,alpha1,171
Rpn3,89,Rpt3,46
Rpn11,257,Rpn11,277
Rpn1,858,Rpt1,356
Rpt4,15,Rpt5,56
Rpt4,72,Rpt6,222
Rpn11,186,Rpt6,101
alpha1,55,alpha1,171
Rpn2,324,Rpn2,796
Rpt6,156,Rpt6,314
Rpn3,186,Rpn3,223
Rpt2,178,Rpt2,237
Rpn3,425,Rpn7,349
beta2,249,beta3,194
Rpn3,492,Rpt6,38
Rpn3,503,Rpn8,288
Rpt3,125,Rpt3,255
Rpt1,116,Rpt4,206
Rpn6,288,Rpn6,304
Rpn6,325,Rpn7,242
Rpn2,574,Rpn8,28
Rpn8,180,Rpt3,70
Rpt2,359,alpha4,174
Rpn3,499,Rpt6,55
Rpn11,154,Rpn8,180
Rpn11,273,Rpt6,55
Rpt4,7,Rpt4,15
alpha7,57,alpha7,230
Rpt2,237,Rpt2,396
alpha3,176,alpha4,52
Rpn1,41,Rpt2,258
Rpn11,264,Rpn7,163
Rpn2,807,Rpn2,869
Rpt1,248,Rpt2,293
Rpt1,34,Rpt6,170
Rpt1,418,Rpt2,293
Rpn3,84,Rpn8,293
Rpn3,84,Rpn8,288
alpha3,231,alpha3,239
Rpt6,397,alpha3,210
Rpt1,422,Rpt2,293
Rpn1,551,Rpn1,623
Rpt3,238,Rpt5,294
Rpn11,215,Rpn2,574
Rpt4,383,alpha1,30
Rpt3,330,Rpt6,397
alpha1,45,alpha1,164
Rpt1,415,Rpt1,422
Rpt3,273,Rpt6,397
Rpn7,93,Rpn7,130
Rpn11,154,Rpn11,186
Rpn5,179,Rpn5,212
Rpt3,80,Rpt4,68
Rpn2,720,Rpt6,101
Rpn5,15,Rpn5,52
Rpn6,141,Rpn6,246
Rpt5,294,Rpt5,351
Rpn11,257,Rpn7,165
Rpn2,327,Rpn2,796
Rpt2,258,Rpt6,88
Rpn5,92,Rpn5,135
Rpt2,258,Rpt2,293
Rpn3,315,Rpn3,492
Rpt5,146,Rpt5,276
Rpt4,38,Rpt5,144
Rpt4,38,Rpt5,146
Rpn5,36,Rpn5,78
alpha7,192,alpha7,238
Rpt1,58,Rpt2,69
Rpn9,252,Rpn9,301
Rpn2,401,Rpt2,98
Rpt1,210,Rpt5,372
alpha2,53,alpha2,165
alpha4,115,alpha5,91
Rpt2,420,alpha4,52
Rpn3,80,Rpn3,89
Rpn11,215,Rpn8,127
alpha6,208,alpha6,243
Rpn3,503,Rpt6,55
Rpt2,423,alpha3,176
Rpn3,503,Rpt6,125
alpha3,187,alpha3,246
Rpn8,28,Rpn8,127
Rpn5,15,Rpt4,314
Rpn6,141,Rpn6,175
Rpn1,858,Rpt1,402
Rpt4,42,Rpt5,144
Rpn5,98,Rpt3,397
Rpt4,20,Rpt5,16
beta6,73,beta6,104
Rpn3,182,Rpn3,223
beta2,237,beta7,201
Rpn1,168,Rpt1,34
Rpn1,41,Rpt6,170
alpha6,41,alpha7,230
Rpt4,62,Rpt4,93
alpha3,187,alpha3,238
Rpn5,197,Rpn5,349
alpha3,54,alpha3,205
alpha3,187,alpha3,239
Rpn3,492,Rpt3,62
beta2,237,beta6,204
Rpn5,419,Rpn9,321
Rpt1,116,Rpt3,238
alpha2,176,alpha3,54
Rpt1,34,Rpt1,46
Rpt3,273,Rpt3,330
Rpn7,72,Rpn7,75
Rpn5,221,Rpn5,225
Rpt2,423,alpha4,52
alpha1,59,alpha7,183
beta6,77,beta6,104
Rpt2,86,Rpt2,98
Rpt1,407,alpha4,166
Rpn6,304,Rpn6,355
alpha1,30,alpha2,53
Rpt1,46,Rpt2,61
Rpt4,15,Rpt5,53
alpha1,30,alpha1,171
Rpn6,32,Rpn6,71
Rpn6,325,Rpn6,373
Rpt3,409,alpha1,30
Rpn12,281,Rpn3,455
Rpn3,374,Rpn3,425
alpha3,54,alpha3,210
Rpt3,192,Rpt6,335
Rpn13,21,Rpn13,62
beta3,17,beta3,192
Rpt2,217,Rpt2,326
Rpt6,88,Rpt6,222
Rpn1,754,Rpt2,24
alpha4,189,alpha4,234
Rpn6,409,Rpn7,372
alpha7,57,alpha7,206
Rpn2,574,Rpn8,127
Rpt6,130,Rpt6,222
alpha5,187,alpha6,208
beta6,77,beta6,228
alpha3,176,alpha4,204
Rpn9,99,Rpn9,105
Rpt1,340,Rpt5,430
Rpn3,76,Rpn3,84
Rpn7,181,Rpt3,192
Rpt2,178,Rpt6,287
alpha3,187,alpha3,231
alpha1,104,alpha2,92
beta5,91,beta6,184
alpha4,52,alpha4,204
Rpt1,407,alpha5,209
Rpt4,383,alpha7,29
Rpt6,184,Rpt6,287
Rpt6,94,Rpt6,222
Rpn5,15,Rpn5,98
Rpt1,100,Rpt5,278
Rpn5,92,Rpt3,397
Rpn6,159,alpha3,54
alpha4,27,alpha4,166
Rpt1,418,alpha4,27
Rpn1,41,Rpt1,34
Rpt1,57,Rpt6,287
alpha7,43,alpha7,183
Rpn1,858,Rpt1,34
Rpn8,199,Rpn9,361
Rpt1,407,alpha4,174
Rpn1,754,Rpt1,268
alpha4,174,alpha4,193
alpha6,41,alpha6,217
Rpn10,83,Rpn9,186
Rpn5,207,Rpn6,274
Rpn8,84,Rpt4,48
Rpt3,62,Rpt6,38
Rpn5,349,Rpn6,304
Rpt6,156,alpha3,205
Rpt1,181,Rpt1,356
